{"cameraMode":{"drawMode":0,"name":"Shaded","section":"Shading Mode"},"sceneLighting":false,"audioPlay":false,"sceneViewState":{"m_AlwaysRefresh":false,"showFog":false,"showSkybox":false,"showFlares":false,"showImageEffects":false,"showParticleSystems":false,"showVisualEffectGraphs":true,"m_FxEnabled":true},"in2DMode":false,"pivot":{"x":0.4368562698364258,"y":1.4473705291748047,"z":-0.05157184973359108},"rotation":{"x":-0.012062582187354565,"y":0.9770228862762451,"z":-0.0575246624648571,"w":-0.20487593114376069},"size":0.7415460348129273,"orthographic":false}