{"cameraMode":{"drawMode":0,"name":"Shaded","section":"Shading Mode"},"sceneLighting":false,"audioPlay":false,"sceneViewState":{"m_AlwaysRefresh":false,"showFog":false,"showSkybox":false,"showFlares":false,"showImageEffects":false,"showParticleSystems":false,"showVisualEffectGraphs":true,"m_FxEnabled":true},"in2DMode":false,"pivot":{"x":0.006370991468429565,"y":0.5848441123962402,"z":-1.0290603637695313},"rotation":{"x":0.0033753199968487026,"y":0.9851694107055664,"z":-0.17043961584568025,"w":0.01950979419052601},"size":1.7583022117614747,"orthographic":false}