{"cameraMode":{"drawMode":0,"name":"Shaded","section":"Shading Mode"},"sceneLighting":true,"audioPlay":false,"sceneViewState":{"m_AlwaysRefresh":false,"showFog":true,"showSkybox":true,"showFlares":true,"showImageEffects":true,"showParticleSystems":true,"showVisualEffectGraphs":true,"m_FxEnabled":true},"in2DMode":false,"pivot":{"x":-0.17991790175437928,"y":1.4556200504302979,"z":-0.05719193443655968},"rotation":{"x":-0.03247451037168503,"y":0.8909491300582886,"z":-0.06453685462474823,"w":-0.4483202397823334},"size":2.1444101333618166,"orthographic":false}