{"cameraMode":{"drawMode":0,"name":"Shaded","section":"Shading Mode"},"sceneLighting":true,"audioPlay":false,"sceneViewState":{"m_AlwaysRefresh":false,"showFog":true,"showSkybox":true,"showFlares":true,"showImageEffects":true,"showParticleSystems":true,"showVisualEffectGraphs":true,"m_FxEnabled":true},"in2DMode":false,"pivot":{"x":-0.2016511857509613,"y":0.9014016389846802,"z":-0.36423730850219729},"rotation":{"x":-0.008209403604269028,"y":0.9906813502311707,"z":-0.11675260961055756,"w":-0.06965932250022888},"size":1.1660254001617432,"orthographic":false}